Title,Additional Details,File
Muni Shri Bharatkumarji,Photo of Muni Shri Bharatkumarji,https://raw.githubusercontent.com/AdvookIn/munishri_bharatkumarji/c100c82c8c19c4513ef96e8f0c919a0a7a0da92f/data/images/munishribharatkumarji1.png
Muni Shri Bharatkumarji,Another Photo of Muni Shri Bharatkumarji,https://raw.githubusercontent.com/AdvookIn/munishri_bharatkumarji/c100c82c8c19c4513ef96e8f0c919a0a7a0da92f/data/images/munishribharatkumarji2.png
Image,Image File,./data/images/munishribharatkumarji1.png
PDF,PDF File,./data/images/Terapanth Nagpur Kishore Details.pdf
Gyaan Chakra (म),ज्ञान चक्र (म) | 41 Questions | All Answer starts with lettre म,./data/pdf/gyaanchakra_bharatmunishri.pdf
JAY CHATRI 045  (A ka chamatkaar अ का चमत्कार),JAY CHATRI 045  (A ka chamatkaar अ का चमत्कार),./data/pdf/JAY CHATRI 045  (A ka chamatkaar अ का चमत्कार).pdf
NA KA CHAMTKAAR  (A ka chamatkaar अ का चमत्कार),NA KA CHAMTKAAR  (A ka chamatkaar अ का चमत्कार),./data/pdf/NA KA CHAMTKAAR  (A ka chamatkaar अ का चमत्कार).pdf
name tulsi pratiyogita (Acharya Tulsi आचार्य तुलसी),name tulsi pratiyogita (Acharya Tulsi आचार्य तुलसी),./data/pdf/name tulsi pratiyogita (Acharya Tulsi आचार्य तुलसी).pdf
OM PAHALI  FORNT & Back  (A ka chamatkaar अ का चमत्कार),OM PAHALI  FORNT & Back  (A ka chamatkaar अ का चमत्कार),./data/pdf/OM PAHALI  FORNT & Back  (A ka chamatkaar अ का चमत्कार).pdf
PRATYOGITA ACHARY TULSI GITIKA (Acharya Tulsi आचार्य तुलसी),PRATYOGITA ACHARY TULSI GITIKA (Acharya Tulsi आचार्य तुलसी),./data/pdf/PRATYOGITA ACHARY TULSI GITIKA (Acharya Tulsi आचार्य तुलसी).pdf
Swastik  (A ka chamatkaar अ का चमत्कार),Swastik  (A ka chamatkaar अ का चमत्कार),./data/pdf/Swastik  (A ka chamatkaar अ का चमत्कार).pdf
Tatva vimarsh  (A ka chamatkaar अ का चमत्कार),Tatva vimarsh  (A ka chamatkaar अ का चमत्कार),./data/pdf/Tatva vimarsh  (A ka chamatkaar अ का चमत्कार).pdf
2 A ka chamatkar  (A ka chamatkaar अ का चमत्कार),2 A ka chamatkar  (A ka chamatkaar अ का चमत्कार),./data/pdf/2 A ka chamatkar  (A ka chamatkaar अ का चमत्कार).pdf
A ka chamatkaar front & back  (A ka chamatkaar अ का चमत्कार),A ka chamatkaar front & back  (A ka chamatkaar अ का चमत्कार),./data/pdf/A ka chamatkaar front & back  (A ka chamatkaar अ का चमत्कार).pdf
AACHARY TULSI (Acharya Tulsi आचार्य तुलसी),AACHARY TULSI (Acharya Tulsi आचार्य तुलसी),./data/pdf/AACHARY TULSI (Acharya Tulsi आचार्य तुलसी).pdf
